County Code,County Name,Candidate Surname,Candidate Other Names,Party Code,Political Party Name,Abbreviation,Abbreviation Enhanced,Party Code Enhanced
1,Mombasa,Bwire,Charles Okumu,62,Amani National Congress,ANC,ANC,62
1,Mombasa,Elisha,Kilale Lawrence,88,Tujibebe Wakenya Party,JIBEBE,JIBEBE,88
1,Mombasa,Kassim,Abdusalaam Ali,12,Wiper Democratic Movement- Kenya,WDM,WDM,12
1,Mombasa,Katana,Hazel Nyamoki,27,Jubilee Party,JP,JP,27
1,Mombasa,Miraj,Abdalla Abubakar,91,Pamoja African Alliance,PAA,PAA,91
1,Mombasa,Mittau,Peterson,67,Maendeleo Chap Chap Party,MCCP,MCCP,67
1,Mombasa,Mohamed,Mohamed Amir,Ind,Independent,IND,IND_SEN1_01,IND_SEN1_01
1,Mombasa,Mutune,Cornelius Muuke,46,United Party Of Independent Alliance,UPIA,UPIA,46
1,Mombasa,Mwaguya,Hamisi Mashobo,15,United Democratic Alliance,UDA,UDA,15
1,Mombasa,Mwidau,Hisham Abdulla,Ind,Independent,IND,IND_SEN1_02,IND_SEN1_02
1,Mombasa,Mwinyihaji,Mohamed Faki,21,Orange Democratic Movement,ODM,ODM,21
1,Mombasa,Somo,Alamin Siwa,Ind,Independent,IND,IND_SEN1_03,IND_SEN1_03
2,Kwale,Akelo,Prisca Oyuga,83,National Ordinary Peoples Empowerment Union,NOPEU,NOPEU,83
2,Kwale,Boy,Issa Juma,21,Orange Democratic Movement,ODM,ODM,21
2,Kwale,Hassan,Nuru Lula,80,Usawa Kwa Wote Party,USAWA,USAWA,80
2,Kwale,Kizuka,Mwanasha Suleiman,12,Wiper Democratic Movement- Kenya,WDM,WDM,12
2,Kwale,Mwadumbo,Salim Ali,62,Amani National Congress,ANC,ANC,62
2,Kwale,Ndeti,William,13,Democratic Party Of Kenya,DP,DP,13
2,Kwale,Nzili,Mudzo Kuhenderwa,91,Pamoja African Alliance,PAA,PAA,91
2,Kwale,Obadiah,Hezron Mutua Mwawaza,34,Safina,SAFINA,SAFINA,34
2,Kwale,Yama,Anthony Nyawa,15,United Democratic Alliance,UDA,UDA,15
3,Kilifi,Chilango,Carolyne Andzazi,62,Amani National Congress,ANC,ANC,62
3,Kilifi,Chilumo,Benjamin Kai,91,Pamoja African Alliance,PAA,PAA,91
3,Kilifi,Madzayo,Stewart Mwachiru Shadrack,21,Orange Democratic Movement,ODM,ODM,21
3,Kilifi,Mwabonje,Alex Shukran,15,United Democratic Alliance,UDA,UDA,15
4,Tana River,Barako,Hantiro Abdulrahman,1,National Rainbow Coalition-Kenya,NARC-KENYA,NARC-KENYA,1
4,Tana River,Bule,Ali Abdi,49,Federal Party Of Kenya,FPK,FPK,49
4,Tana River,Dubow,Sadam Salat,62,Amani National Congress,ANC,ANC,62
4,Tana River,Dukicha,Hassan Abdi,27,Jubilee Party,JP,JP,27
4,Tana River,Mohamed,Jire Siyat,23,Forum For Restoration Of Democracy-Kenya,FORD-KENYA,FORD-KENYA,23
4,Tana River,Mungatana,Danson Buya,15,United Democratic Alliance,UDA,UDA,15
4,Tana River,Nakapepwe,Alice Japhet,77,Justice And Freedom Party,JFP,JFP,77
4,Tana River,Omara,Bakari Garise,91,Pamoja African Alliance,PAA,PAA,91
4,Tana River,Soba,Abdulaziz Mohamed,64,United Democratic Party,UDP,UDP,64
4,Tana River,Wario,Golich Juma,21,Orange Democratic Movement,ODM,ODM,21
5,Lamu,Aboubakar,Yusuf Mahmoud,62,Amani National Congress,ANC,ANC,62
5,Lamu,Ali,Ahmed Suleiman,46,United Party Of Independent Alliance,UPIA,UPIA,46
5,Lamu,Dhahir,Abdiwely Mohamed,37,National Agenda Party Of Kenya,NAPK,NAPK,37
5,Lamu,Haji,Ahmed Bunu,21,Orange Democratic Movement,ODM,ODM,21
5,Lamu,Kamau,Joseph Githuku,27,Jubilee Party,JP,JP,27
5,Lamu,Loitiptip,Anuar,Ind,Independent,IND,IND_SEN5_01,IND_SEN5_01
5,Lamu,Mbaruk,Khamis Nassor,33,Kenya African National Union,KANU,KANU,33
5,Lamu,Mohamed,Abudi Omar,12,Wiper Democratic Movement- Kenya,WDM,WDM,12
5,Lamu,Mugo,Francis Kariuki,15,United Democratic Alliance,UDA,UDA,15
6,Taita Taveta,Banton,Hamisi Mike,Ind,Independent,IND,IND_SEN6_01,IND_SEN6_01
6,Taita Taveta,Mbogho,Enock Mwachala,30,Kenya African Democratic Union-Asili,KADU-ASILI,KADU-ASILI,30
6,Taita Taveta,Mwachofi,John Righa,15,United Democratic Alliance,UDA,UDA,15
6,Taita Taveta,Mwadeghu,Thomas Ludindi,12,Wiper Democratic Movement- Kenya,WDM,WDM,12
6,Taita Taveta,Mwamodo,Godwin Kilele,27,Jubilee Party,JP,JP,27
6,Taita Taveta,Mwandawiro,Julius Mghanga,32,Communist Party Of Kenya,CPK,CPK,32
6,Taita Taveta,Mwaruma,Johnes Mwashushe,21,Orange Democratic Movement,ODM,ODM,21
6,Taita Taveta,Njumwa,Stephen Saleka,62,Amani National Congress,ANC,ANC,62
6,Taita Taveta,Nyambu,Anna Kina,38,Peoples Empowerment Party,PEP,PEP,38
6,Taita Taveta,Okwemba,Stephen Oddiaga,50,Muungano Party,MUUNGANO,MUUNGANO,50
7,Garissa,Abdi,Ahmedrashid Koriyow,12,Wiper Democratic Movement- Kenya,WDM,WDM,12
7,Garissa,Abdi,Yussuf Issa,41,United Democratic Movement,UDM,UDM,41
7,Garissa,Aden,Hussein Bare,34,Safina,SAFINA,SAFINA,34
7,Garissa,Dabar,Daud Adan,79,United Green Movement,UGM,UGM,79
7,Garissa,Haji,Abdulkadir Mohammed,27,Jubilee Party,JP,JP,27
7,Garissa,Mohamed,Khalid Ali,84,National Reconstruction Alliance,NRA,NRA,84
7,Garissa,Shalle,Mohammed Issack,23,Forum For Restoration Of Democracy-Kenya,FORD-KENYA,FORD-KENYA,23
7,Garissa,Shide,Abubakar Mohamed,81,United Progressive Alliance,UPA,UPA,81
8,Wajir,Abakar,Adow Mohammed,64,United Democratic Party,UDP,UDP,64
8,Wajir,Abdikadir,Abdirahman Adan,46,United Party Of Independent Alliance,UPIA,UPIA,46
8,Wajir,Abdirahaman,Ibrahim Mohamud,33,Kenya African National Union,KANU,KANU,33
8,Wajir,Aden,Mohamed Daud,75,Empowerment And Liberation Party,ELP,ELP,75
8,Wajir,Ahmed,Noor Aden,62,Amani National Congress,ANC,ANC,62
8,Wajir,Ahmed,Omar Adan,12,Wiper Democratic Movement- Kenya,WDM,WDM,12
8,Wajir,Durow,Abdikadir Ahmed,1,National Rainbow Coalition-Kenya,NARC-KENYA,NARC-KENYA,1
8,Wajir,Enow,Adan Omar,27,Jubilee Party,JP,JP,27
8,Wajir,Maalim,Abdirahaman Ali,21,Orange Democratic Movement,ODM,ODM,21
8,Wajir,Mohamed,Abass Sheikh,41,United Democratic Movement,UDM,UDM,41
8,Wajir,Yahya,Shallow Abdullahi,15,United Democratic Alliance,UDA,UDA,15
9,Mandera,Abdullah,Adan Maalim,21,Orange Democratic Movement,ODM,ODM,21
9,Mandera,Adan,Said Mohamed,46,United Party Of Independent Alliance,UPIA,UPIA,46
9,Mandera,Ali,Ibrahim Mohamed,Ind,Independent,IND,IND_SEN9_01,IND_SEN9_01
9,Mandera,Chulu,Ibrahim Mohamed Alio,27,Jubilee Party,JP,JP,27
9,Mandera,Hache,Hassan Issack,15,United Democratic Alliance,UDA,UDA,15
9,Mandera,Mahamud,Mohamed Maalim,Ind,Independent,IND,IND_SEN9_02,IND_SEN9_02
9,Mandera,Roba,Ali Ibrahim,41,United Democratic Movement,UDM,UDM,41
10,Marsabit,Abagaro,Galgallo Wako,62,Amani National Congress,ANC,ANC,62
10,Marsabit,Chute,Mohamed Said,15,United Democratic Alliance,UDA,UDA,15
10,Marsabit,Esintele,Allyce Kureiya,46,United Party Of Independent Alliance,UPIA,UPIA,46
10,Marsabit,Hargura,Godana,41,United Democratic Movement,UDM,UDM,41
10,Marsabit,Sele,Adan Hassan Sheik,33,Kenya African National Union,KANU,KANU,33
11,Isiolo,Fatuma,Dullo Adan,27,Jubilee Party,JP,JP,27
11,Isiolo,Huka,Ahmed Adan,32,Communist Party Of Kenya,CPK,CPK,32
11,Isiolo,Issa,Abdi Ibrahim,14,Party Of National Unity,PNU,PNU,14
11,Isiolo,Lokitela,Augostino Ikiara,65,Kenya Reform Party,KRP,KRP,65
11,Isiolo,Mohamed,Nuh Ibrahim,Ind,Independent,IND,IND_SEN11_01,IND_SEN11_01
11,Isiolo,Roba,Hussein Halake,33,Kenya African National Union,KANU,KANU,33
12,Meru,Arimba,Joseph Kaberia,Ind,Independent,IND,IND_SEN12_01,IND_SEN12_01
12,Meru,Gituma,Rosemary Kinanu,33,Kenya African National Union,KANU,KANU,33
12,Meru,John,Mburuki,Ind,Independent,IND,IND_SEN12_02,IND_SEN12_02
12,Meru,Kathuri,Murungi,15,United Democratic Alliance,UDA,UDA,15
12,Meru,Kirera,Muthomi Jacob,Ind,Independent,IND,IND_SEN12_03,IND_SEN12_03
12,Meru,Kirima,Mary Muthoni,34,Safina,SAFINA,SAFINA,34
12,Meru,Marete,Isaack Kinoti,Ind,Independent,IND,IND_SEN12_04,IND_SEN12_04
12,Meru,Mitheu,Godfrey Mwiti,Ind,Independent,IND,IND_SEN12_05,IND_SEN12_05
12,Meru,Mithika,James,27,Jubilee Party,JP,JP,27
12,Meru,Mutuma,Thuranira Salesio,Ind,Independent,IND,IND_SEN12_06,IND_SEN12_06
13,Tharaka - Nithi,Makunyi,Paul Mugambi,27,Jubilee Party,JP,JP,27
13,Tharaka - Nithi,Muturi,Wilfred Kirimi,86,Party For Peace And Development,PPD,PPD,86
13,Tharaka - Nithi,Mwenda,Julius Gataya,15,United Democratic Alliance,UDA,UDA,15
13,Tharaka - Nithi,Ragwa,Samwel Mbae,Ind,Independent,IND,IND_SEN13_01,IND_SEN13_01
14,Embu,January,Bernard Njeru Wa,33,Kenya African National Union,KANU,KANU,33
14,Embu,Karani,Fridah Wanjiku,82,The Service Party,TSP,TSP,82
14,Embu,Kithu,John Njeru,1,National Rainbow Coalition-Kenya,NARC-KENYA,NARC-KENYA,1
14,Embu,Mbogo,Lillian Wanja Muthoni,27,Jubilee Party,JP,JP,27
14,Embu,Mundigi,Alexander Munyi,13,Democratic Party Of Kenya,DP,DP,13
14,Embu,Ndwiga,Josphat Mugendi,80,Usawa Kwa Wote Party,USAWA,USAWA,80
14,Embu,Ndwiga,Peter Njeru,Ind,Independent,IND,IND_SEN14_01,IND_SEN14_01
14,Embu,Njeru,David Kariuki,15,United Democratic Alliance,UDA,UDA,15
14,Embu,Njeru,Stephen Nyaga,62,Amani National Congress,ANC,ANC,62
14,Embu,Nyagah,Norman M G K,Ind,Independent,IND,IND_SEN14_02,IND_SEN14_02
14,Embu,Wambora,Martin Nyaga,45,Umoja Na Maendeleo Party,UMP,UMP,45
14,Embu,Wamuuru,Moses,21,Orange Democratic Movement,ODM,ODM,21
15,Kitui,Kalumbo,Frederick Isika,21,Orange Democratic Movement,ODM,ODM,21
15,Kitui,Kameta,Dorcas Mwende,27,Jubilee Party,JP,JP,27
15,Kitui,Kilonzo,Stephen Mutua,15,United Democratic Alliance,UDA,UDA,15
15,Kitui,Makonge,Stephen Kyalo Musango,Ind,Independent,IND,IND_SEN15_01,IND_SEN15_01
15,Kitui,Mati,Wilfred Nyamu,67,Maendeleo Chap Chap Party,MCCP,MCCP,67
15,Kitui,Mutambuki,Benjamin Muithya,13,Democratic Party Of Kenya,DP,DP,13
15,Kitui,Mutiisya,Ravaspaul Kyalo,62,Amani National Congress,ANC,ANC,62
15,Kitui,Mutukaa,Julius Muinde,29,National Rainbow Coalition,NARC,NARC,29
15,Kitui,Wambua,Enoch Kiio,12,Wiper Democratic Movement- Kenya,WDM,WDM,12
16,Machakos,Katuku,John Mutua,66,Peoples Trust Party,PTP,PTP,66
16,Machakos,Kilonzo,Charles Mutavi,Ind,Independent,IND,IND_SEN16_01,IND_SEN16_01
16,Machakos,Mbaluka,Joel Kyatha,15,United Democratic Alliance,UDA,UDA,15
16,Machakos,Mungata,Benard Muteti,67,Maendeleo Chap Chap Party,MCCP,MCCP,67
16,Machakos,Muthama,Agnes Kavindu Mbuku,12,Wiper Democratic Movement- Kenya,WDM,WDM,12
16,Machakos,Mwikya,Maureen Ndungwa,27,Jubilee Party,JP,JP,27
16,Machakos,Ngengele,Urbanus Mutunga Muthama,21,Orange Democratic Movement,ODM,ODM,21
16,Machakos,Nyalita,Angela Mwikali,80,Usawa Kwa Wote Party,USAWA,USAWA,80
17,Makueni,Kibwana,Kivutha,50,Muungano Party,MUUNGANO,MUUNGANO,50
17,Makueni,Kioko,Victoria Nzisa,21,Orange Democratic Movement,ODM,ODM,21
17,Makueni,Kisyula,Robert Mue,15,United Democratic Alliance,UDA,UDA,15
17,Makueni,Maanzo,Daniel Kitonga,12,Wiper Democratic Movement- Kenya,WDM,WDM,12
17,Makueni,Malika,Patrick Mbau,1,National Rainbow Coalition-Kenya,NARC-KENYA,NARC-KENYA,1
17,Makueni,Ndiliku,Florence Nzula,27,Jubilee Party,JP,JP,27
18,Nyandarua,Kanagi,Samuel Kimamira,1,National Rainbow Coalition-Kenya,NARC-KENYA,NARC-KENYA,1
18,Nyandarua,Kanyingi,Simon Waweru,27,Jubilee Party,JP,JP,27
18,Nyandarua,Kanyita,Julius Macharia,82,The Service Party,TSP,TSP,82
18,Nyandarua,Kimani,Joseph Kamau,56,Forum For Republican Democracy,FORD,FORD,56
18,Nyandarua,Methu,John Muhia,15,United Democratic Alliance,UDA,UDA,15
18,Nyandarua,Mukua,Daniel Macharia,87,Chama Cha Kazi,KAZI,KAZI,87
18,Nyandarua,Mwangi,Paul Githiomi,Ind,Independent,IND,IND_SEN18_01,IND_SEN18_01
18,Nyandarua,Theuri,John Kinyanjui,Ind,Independent,IND,IND_SEN18_02,IND_SEN18_02
19,Nyeri,Kabando,Kabando Wa,1,National Rainbow Coalition-Kenya,NARC-KENYA,NARC-KENYA,1
19,Nyeri,Kanyua,Priscilla Nyokabi,27,Jubilee Party,JP,JP,27
19,Nyeri,Nyamu,Wambugu,13,Democratic Party Of Kenya,DP,DP,13
19,Nyeri,Waithanji,Mercy F T,Ind,Independent,IND,IND_SEN19_01,IND_SEN19_01
19,Nyeri,Wamatinga,Wahome,15,United Democratic Alliance,UDA,UDA,15
20,Kirinyaga,Dickson,Daniel Karaba,27,Jubilee Party,JP,JP,27
20,Kirinyaga,Jane,Anthony Murigu,1,National Rainbow Coalition-Kenya,NARC-KENYA,NARC-KENYA,1
20,Kirinyaga,Karimi,Anthony Gitari,Ind,Independent,IND,IND_SEN20_01,IND_SEN20_01
20,Kirinyaga,Karubiu,James Karimi,13,Democratic Party Of Kenya,DP,DP,13
20,Kirinyaga,Kathanga,Peter Gachoki,34,Safina,SAFINA,SAFINA,34
20,Kirinyaga,Mithamo,Florence Wangui,86,Party For Peace And Development,PPD,PPD,86
20,Kirinyaga,Murango,James Kamau,15,United Democratic Alliance,UDA,UDA,15
21,Murang'a,Gitura,James Kembi,27,Jubilee Party,JP,JP,27
21,Murang'a,Kigia,Hellen Ndiko,47,Farmers Party,FP,FP,47
21,Murang'a,Mwangi,Comfort Waitherero,33,Kenya African National Union,KANU,KANU,33
21,Murang'a,Nganga,Boniface Ndegwa,34,Safina,SAFINA,SAFINA,34
21,Murang'a,Ngugi,Joe Joseph Nyutu,15,United Democratic Alliance,UDA,UDA,15
21,Murang'a,Wambui,Pius Kinuthia,21,Orange Democratic Movement,ODM,ODM,21
22,Kiambu,Carolyne,Kigunda Makena,9,Kenya National Congress,KNC,KNC,9
22,Kiambu,Gathekia,Alice Wangari,88,Tujibebe Wakenya Party,JIBEBE,JIBEBE,88
22,Kiambu,Maara,George Jonathan,27,Jubilee Party,JP,JP,27
22,Kiambu,Mugwe,John Gathigi,Ind,Independent,IND,IND_SEN22_01,IND_SEN22_01
22,Kiambu,Waikenda,Machel T Karanja,87,Chama Cha Kazi,KAZI,KAZI,87
22,Kiambu,Wangongu,George Njoroge,34,Safina,SAFINA,SAFINA,34
22,Kiambu,Wanjiru,Joseph Kamau,80,Usawa Kwa Wote Party,USAWA,USAWA,80
23,Turkana,Apetet,Jane Nashida,34,Safina,SAFINA,SAFINA,34
23,Turkana,Bernard,Epakan Kebo,68,Democratic Congress,DC,DC,68
23,Turkana,Charles,Malachy Ekal Imana,12,Wiper Democratic Movement- Kenya,WDM,WDM,12
23,Turkana,Ekomwa,James Lomenen,27,Jubilee Party,JP,JP,27
23,Turkana,Ewoton,Pius Atok,Ind,Independent,IND,IND_SEN23_01,IND_SEN23_01
23,Turkana,Imoni,Joseph Ekalale,21,Orange Democratic Movement,ODM,ODM,21
23,Turkana,Lokamar,Benedict Edapal,15,United Democratic Alliance,UDA,UDA,15
23,Turkana,Lomulen,Peter Lokol,14,Party Of National Unity,PNU,PNU,14
23,Turkana,Ng'asike,Philemon Ong'ao,85,Democratic Action Party-Kenya,DAP-K,DAP-K,85
24,West Pokot,Kapchok,Dennis Ruto William,34,Safina,SAFINA,SAFINA,34
24,West Pokot,Lipale,Geoffrey,89,Kenya Union Party,KUP,KUP,89
24,West Pokot,Poghisio,Samuel Losuron,33,Kenya African National Union,KANU,KANU,33
24,West Pokot,Recha,Julius Murgor,15,United Democratic Alliance,UDA,UDA,15
25,Samburu,Lelegwe,Steve Ltumbesi,15,United Democratic Alliance,UDA,UDA,15
25,Samburu,Lenkolos,Lkitonga,27,Jubilee Party,JP,JP,27
25,Samburu,Leparachau,Joshua Sambiyen,13,Democratic Party Of Kenya,DP,DP,13
25,Samburu,Lepariyo,Joseph Partamei,21,Orange Democratic Movement,ODM,ODM,21
26,Trans Nzoia,Chemuigut,Peter Kiptanui,Ind,Independent,IND,IND_SEN26_01,IND_SEN26_01
26,Trans Nzoia,Chesang,Allan Kiprotich,15,United Democratic Alliance,UDA,UDA,15
26,Trans Nzoia,Maina,Teresia Wangare,Ind,Independent,IND,IND_SEN26_02,IND_SEN26_02
26,Trans Nzoia,Masibo,Robert Simiyu,89,Kenya Union Party,KUP,KUP,89
26,Trans Nzoia,Morei,Mercy Cheptoo,Ind,Independent,IND,IND_SEN26_03,IND_SEN26_03
26,Trans Nzoia,Muchilwa,Jethrone Ayumba,Ind,Independent,IND,IND_SEN26_04,IND_SEN26_04
26,Trans Nzoia,Muliro,Musoke Naburuku,21,Orange Democratic Movement,ODM,ODM,21
26,Trans Nzoia,Ndiema,Henry Tiole,23,Forum For Restoration Of Democracy-Kenya,FORD-KENYA,FORD-KENYA,23
26,Trans Nzoia,Okore,Dendrick Okech,27,Jubilee Party,JP,JP,27
26,Trans Nzoia,Wakoli,Martin Bulimo,62,Amani National Congress,ANC,ANC,62
26,Trans Nzoia,Werunga,Joshua Mutoto,85,Democratic Action Party-Kenya,DAP-K,DAP-K,85
26,Trans Nzoia,Yego,Helen J  C,54,Chama Cha Mashinani,CCM,CCM,54
27,Uasin Gishu,Kemei,Robert Rotich,Ind,Independent,IND,IND_SEN27_01,IND_SEN27_01
27,Uasin Gishu,Mandago,Jackson Kiplagat,15,United Democratic Alliance,UDA,UDA,15
28,Elgeyo Marakwet,Kipruto,Kipkosgei,Ind,Independent,IND,IND_SEN28_01,IND_SEN28_01
28,Elgeyo Marakwet,Marrirmoi,Hillary Kiprop Rutto,Ind,Independent,IND,IND_SEN28_02,IND_SEN28_02
28,Elgeyo Marakwet,Murkomen,Onesimus Kipchumba,15,United Democratic Alliance,UDA,UDA,15
28,Elgeyo Marakwet,Tolgos,Alex Tanui,27,Jubilee Party,JP,JP,27
28,Elgeyo Marakwet,Yego,Peter Kaino,Ind,Independent,IND,IND_SEN28_03,IND_SEN28_03
29,Nandi,Kirwa,Mark,27,Jubilee Party,JP,JP,27
29,Nandi,Samson,Cherarkey K,15,United Democratic Alliance,UDA,UDA,15
30,Baringo,Chelaite,Felix Kiprono,82,The Service Party,TSP,TSP,82
30,Baringo,Kipkiror,William Cheptumo,15,United Democratic Alliance,UDA,UDA,15
30,Baringo,Moi,Gideon Kipsielei T,33,Kenya African National Union,KANU,KANU,33
31,Laikipia,Githinji,John Kiama,82,The Service Party,TSP,TSP,82
31,Laikipia,Kamunya,John Maina Njenga,33,Kenya African National Union,KANU,KANU,33
31,Laikipia,Kimani,Henry Mbuthia,87,Chama Cha Kazi,KAZI,KAZI,87
31,Laikipia,Mamaiyo,Julius Orumoi,21,Orange Democratic Movement,ODM,ODM,21
31,Laikipia,Mwangi,Sam Thuita,1,National Rainbow Coalition-Kenya,NARC-KENYA,NARC-KENYA,1
31,Laikipia,Mwaniki,John Mathenge,27,Jubilee Party,JP,JP,27
31,Laikipia,Nderitu,John Kinyua,15,United Democratic Alliance,UDA,UDA,15
31,Laikipia,Ndung'u,Robert Maina,62,Amani National Congress,ANC,ANC,62
31,Laikipia,Njeri,Stephen Chege,Ind,Independent,IND,IND_SEN31_01,IND_SEN31_01
31,Laikipia,Thangii,Jackson Karuoya,Ind,Independent,IND,IND_SEN31_02,IND_SEN31_02
32,Nakuru,Gachunga,Boniface Mwai,Ind,Independent,IND,IND_SEN32_01,IND_SEN32_01
32,Nakuru,Gitau,Daniel Kimani,23,Forum For Restoration Of Democracy-Kenya,FORD-KENYA,FORD-KENYA,23
32,Nakuru,Githenya,Abednego Mwangi,Ind,Independent,IND,IND_SEN32_02,IND_SEN32_02
32,Nakuru,Karanja,Lawrence Macharia,27,Jubilee Party,JP,JP,27
32,Nakuru,Keroche,Tabitha Karanja,15,United Democratic Alliance,UDA,UDA,15
32,Nakuru,Macharia,Thomas Mwangi,Ind,Independent,IND,IND_SEN32_03,IND_SEN32_03
32,Nakuru,Mututho,John Michael Njenga,21,Orange Democratic Movement,ODM,ODM,21
32,Nakuru,Wa Wamwere,Koigi Wa,Ind,Independent,IND,IND_SEN32_04,IND_SEN32_04
32,Nakuru,Wathimba,Crispus Anthony,Ind,Independent,IND,IND_SEN32_05,IND_SEN32_05
32,Nakuru,Wechuli,Michael,62,Amani National Congress,ANC,ANC,62
33,Narok,Bett,Chepkemoi Nelly,68,Democratic Congress,DC,DC,68
33,Narok,Konchela,Gideon,27,Jubilee Party,JP,JP,27
33,Narok,Lenard,Cheruiyot Kipkemoi,79,United Green Movement,UGM,UGM,79
33,Narok,Luka,Jimmy Parnyumbe,Ind,Independent,IND,IND_SEN33_01,IND_SEN33_01
33,Narok,Maloi,Godfrey Mapelu,83,National Ordinary Peoples Empowerment Union,NOPEU,NOPEU,83
33,Narok,Nabaala,Kiranto Ole,82,The Service Party,TSP,TSP,82
33,Narok,Olekina,Ledama,21,Orange Democratic Movement,ODM,ODM,21
33,Narok,Ololdapash,Joel Meitamei,61,Ubuntu Peoples Forum,UPF,UPF,61
33,Narok,Rotiken,Zakayo,Ind,Independent,IND,IND_SEN33_02,IND_SEN33_02
33,Narok,Salaton,Tompo,Ind,Independent,IND,IND_SEN33_03,IND_SEN33_03
33,Narok,Tunai,Samuel Kuntai,15,United Democratic Alliance,UDA,UDA,15
34,Kajiado,Gitau,Tildah Sonia,80,Usawa Kwa Wote Party,USAWA,USAWA,80
34,Kajiado,Nkeri,Simon Peter,82,The Service Party,TSP,TSP,82
34,Kajiado,Pareno,Judith Nayiai Ramaita,21,Orange Democratic Movement,ODM,ODM,21
34,Kajiado,Sakuda,Moses Somoine Ole,27,Jubilee Party,JP,JP,27
34,Kajiado,Seki,Lenku Ole Kanar,15,United Democratic Alliance,UDA,UDA,15
34,Kajiado,Toimasi,Gideon Loolkinyoki,12,Wiper Democratic Movement- Kenya,WDM,WDM,12
35,Kericho,Chepkemoi,Queenas,Ind,Independent,IND,IND_SEN35_01,IND_SEN35_01
35,Kericho,Cheruiyot,Aaron Kipkirui,15,United Democratic Alliance,UDA,UDA,15
35,Kericho,Kirui,Don Kiprotich,Ind,Independent,IND,IND_SEN35_02,IND_SEN35_02
36,Bomet,Kemei,Enock Cheruiyot,54,Chama Cha Mashinani,CCM,CCM,54
36,Bomet,Korir,Kipkoech Weldon,62,Amani National Congress,ANC,ANC,62
36,Bomet,Sigei,Wakili Hillary Kiprotich,15,United Democratic Alliance,UDA,UDA,15
37,Kakamega,Abuti,Winfred Asiko,64,United Democratic Party,UDP,UDP,64
37,Kakamega,Butichi,Patrick Masaviro,85,Democratic Action Party-Kenya,DAP-K,DAP-K,85
37,Kakamega,Crispus,Kaira Rebuahi,Ind,Independent,IND,IND_SEN37_01,IND_SEN37_01
37,Kakamega,Keya,Sellah Kadasi,33,Kenya African National Union,KANU,KANU,33
37,Kakamega,Khalwale,Boni,15,United Democratic Alliance,UDA,UDA,15
37,Kakamega,Makamu,Brian Lishenga,21,Orange Democratic Movement,ODM,ODM,21
37,Kakamega,Washiko,Sammy Oliver Aina,27,Jubilee Party,JP,JP,27
38,Vihiga,Abwao,David,80,Usawa Kwa Wote Party,USAWA,USAWA,80
38,Vihiga,Agufana,Alfayo Alfonze,37,National Agenda Party Of Kenya,NAPK,NAPK,37
38,Vihiga,Amiani,Eunice Vihenda,12,Wiper Democratic Movement- Kenya,WDM,WDM,12
38,Vihiga,Butiko,Enosi Kennedy,62,Amani National Congress,ANC,ANC,62
38,Vihiga,Imbuki,O Kennedy,72,Movement For Democracy And Growth,MDG,MDG,72
38,Vihiga,Kedogo,Jackson Swadi,15,United Democratic Alliance,UDA,UDA,15
38,Vihiga,Kweya,Otundo Kennedy,3,The Labour Party Of Kenya,LPK,LPK,3
38,Vihiga,Majani,Tyson,1,National Rainbow Coalition-Kenya,NARC-KENYA,NARC-KENYA,1
38,Vihiga,Mbith,Sisco Mbindi,Ind,Independent,IND,IND_SEN38_01,IND_SEN38_01
38,Vihiga,Ndeda,James Babira,25,Progressive Party Of Kenya,PPOK,PPOK,25
38,Vihiga,Ongadi,Leonard,85,Democratic Action Party-Kenya,DAP-K,DAP-K,85
38,Vihiga,Osotsi,Godfrey Atieno,21,Orange Democratic Movement,ODM,ODM,21
38,Vihiga,Simekha,Joseph Mukuna,49,Federal Party Of Kenya,FPK,FPK,49
38,Vihiga,Sultan,Michael Madaga,84,National Reconstruction Alliance,NRA,NRA,84
39,Bungoma,Barasa,Elias S,38,Peoples Empowerment Party,PEP,PEP,38
39,Bungoma,Kasili,Herman Kisekeli,64,United Democratic Party,UDP,UDP,64
39,Bungoma,Machacha,Jacob Kasimwaka,49,Federal Party Of Kenya,FPK,FPK,49
39,Bungoma,Ngome,Charles Kibanani,85,Democratic Action Party-Kenya,DAP-K,DAP-K,85
39,Bungoma,Sifuna,Lawrence Simiyu,21,Orange Democratic Movement,ODM,ODM,21
39,Bungoma,Wetangula,Moses Masika,23,Forum For Restoration Of Democracy-Kenya,FORD-KENYA,FORD-KENYA,23
40,Busia,Amoo,Moses Oude,15,United Democratic Alliance,UDA,UDA,15
40,Busia,Emoru,Moses Willingtone Ingwali,Ind,Independent,IND,IND_SEN40_01,IND_SEN40_01
40,Busia,Itela,Hilary Odera,21,Orange Democratic Movement,ODM,ODM,21
40,Busia,Kuchio,Lawrence Ongoma,85,Democratic Action Party-Kenya,DAP-K,DAP-K,85
40,Busia,Masinde,Isabella Anyona,27,Jubilee Party,JP,JP,27
40,Busia,Okoiti,Andrew Omtatah,84,National Reconstruction Alliance,NRA,NRA,84
40,Busia,Shiondo,Braxwell Wanjala,49,Federal Party Of Kenya,FPK,FPK,49
40,Busia,Wako,Doris Sabina,3,The Labour Party Of Kenya,LPK,LPK,3
41,Siaya,Oginga,Dr Oburu,21,Orange Democratic Movement,ODM,ODM,21
41,Siaya,Okinda,Julius Okongo,Ind,Independent,IND,IND_SEN41_01,IND_SEN41_01
41,Siaya,Onyango,Oscar Omondi,85,Democratic Action Party-Kenya,DAP-K,DAP-K,85
41,Siaya,Otieno,Ismael Atudo,Ind,Independent,IND,IND_SEN41_02,IND_SEN41_02
41,Siaya,Owiti,James Wamban,72,Movement For Democracy And Growth,MDG,MDG,72
41,Siaya,Yogo,Tony Yogo,Ind,Independent,IND,IND_SEN41_03,IND_SEN41_03
42,Kisumu,Enos,Gundi Okolo,27,Jubilee Party,JP,JP,27
42,Kisumu,Odhiambo,Ojienda Tom,21,Orange Democratic Movement,ODM,ODM,21
43,Homa Bay,Aloo,Jack Onyango,29,National Rainbow Coalition,NARC,NARC,29
43,Homa Bay,Kajwang,Moses Otieno,21,Orange Democratic Movement,ODM,ODM,21
43,Homa Bay,Ojanga,Thomas Ochieng,33,Kenya African National Union,KANU,KANU,33
43,Homa Bay,Otieno,Everlyn Atieno,85,Democratic Action Party-Kenya,DAP-K,DAP-K,85
43,Homa Bay,Oyugi,Kenneth Kambona,Ind,Independent,IND,IND_SEN43_01,IND_SEN43_01
43,Homa Bay,Wasonga,Beatrice Achieng',12,Wiper Democratic Movement- Kenya,WDM,WDM,12
44,Migori,Christopher,Sophia Rocklynne Dhibirah,27,Jubilee Party,JP,JP,27
44,Migori,Mijungu,Billy Graham Okumu,Ind,Independent,IND,IND_SEN44_01,IND_SEN44_01
44,Migori,Oketch,Eddy Gicheru,21,Orange Democratic Movement,ODM,ODM,21
45,Kisii,Atemba,Richard Minyega,13,Democratic Party Of Kenya,DP,DP,13
45,Kisii,Maangi,Joash Arthur Gongera,15,United Democratic Alliance,UDA,UDA,15
45,Kisii,Magara,James Omingo,27,Jubilee Party,JP,JP,27
45,Kisii,Manyinsa,Vincent Ng'wono,12,Wiper Democratic Movement- Kenya,WDM,WDM,12
45,Kisii,Nyangau,Evans Nyakundi,85,Democratic Action Party-Kenya,DAP-K,DAP-K,85
45,Kisii,Oigara,Credius Nyamwange,62,Amani National Congress,ANC,ANC,62
45,Kisii,Okemwa,Samuel Riose,83,National Ordinary Peoples Empowerment Union,NOPEU,NOPEU,83
45,Kisii,Omanga,John Kennedy,33,Kenya African National Union,KANU,KANU,33
45,Kisii,Onyonka,Richard Momoima,21,Orange Democratic Movement,ODM,ODM,21
46,Nyamira,Machoka,Alvin Mokaya,46,United Party Of Independent Alliance,UPIA,UPIA,46
46,Nyamira,Mecha,Jared Sagwe,12,Wiper Democratic Movement- Kenya,WDM,WDM,12
46,Nyamira,Mochenwa,Adams Nyaribo,13,Democratic Party Of Kenya,DP,DP,13
46,Nyamira,Mogeni,Erick Okongo,21,Orange Democratic Movement,ODM,ODM,21
46,Nyamira,Mokaya,Christopher Alvin,80,Usawa Kwa Wote Party,USAWA,USAWA,80
46,Nyamira,Mose,Nyambega,15,United Democratic Alliance,UDA,UDA,15
46,Nyamira,Ogeto,Richard Oseko,25,Progressive Party Of Kenya,PPOK,PPOK,25
46,Nyamira,Okongo,Kennedy Mongare,23,Forum For Restoration Of Democracy-Kenya,FORD-KENYA,FORD-KENYA,23
46,Nyamira,Onyancha,James Boera,85,Democratic Action Party-Kenya,DAP-K,DAP-K,85
47,Nairobi City,Angira,Silas Brilliance Antony Owiti,44,Party Of Democratic Unity,PDU,PDU,44
47,Nairobi City,Gichuru,David Mwangi,34,Safina,SAFINA,SAFINA,34
47,Nairobi City,Jamaa,Abdikadir Ahmed,80,Usawa Kwa Wote Party,USAWA,USAWA,80
47,Nairobi City,Kabera,William Wahome,13,Democratic Party Of Kenya,DP,DP,13
47,Nairobi City,Kabogo,Julie Wanjiru,87,Chama Cha Kazi,KAZI,KAZI,87
47,Nairobi City,Kamau,Jacintah Wambui,32,Communist Party Of Kenya,CPK,CPK,32
47,Nairobi City,Kinyua,Victoria Wanjiru,82,The Service Party,TSP,TSP,82
47,Nairobi City,Makau,Bernard,Ind,Independent,IND,IND_SEN47_01,IND_SEN47_01
47,Nairobi City,Misoka,Justine Nyangwono,83,National Ordinary Peoples Empowerment Union,NOPEU,NOPEU,83
47,Nairobi City,Mukolwe,Pamela Ateka,85,Democratic Action Party-Kenya,DAP-K,DAP-K,85
47,Nairobi City,Ochoti,John Onsomu,33,Kenya African National Union,KANU,KANU,33
47,Nairobi City,Ochweri,Daniel Ogwoka,1,National Rainbow Coalition-Kenya,NARC-KENYA,NARC-KENYA,1
47,Nairobi City,Sifuna,Edwine Watenya,21,Orange Democratic Movement,ODM,ODM,21
47,Nairobi City,Wanjiru,Margaret,15,United Democratic Alliance,UDA,UDA,15
