County Code,County Name,Candidate Surname,Candidate Other Names,Running Mate Surname,Running Mate Other Names,Party Code,Political Party Name,Abbreviation,Abbreviation Enhanced,Party Code Enhanced
1,Mombasa,Bollo,Hezron Awiti,Jembe,Bethline Kadzo,60,Vibrant Democratic Party,VDP,VDP,60
1,Mombasa,Hassan,Hassan Omar,Maitha,Selina James,15,United Democratic Alliance,UDA,UDA,15
1,Mombasa,Kingi,William Kazungu,Jama,Amin Ali,91,Pamoja African Alliance,PAA,PAA,91
1,Mombasa,Kitsao,Daniel Munga,Mwaruwa,Abdalla Hemed,Ind,Independent,IND,IND_GOV1_01,IND_GOV1_01
1,Mombasa,Makazi,Shafii Mwaganda,Nzaro,Salim Omar,46,United Party Of Independent Alliance,UPIA,UPIA,46
1,Mombasa,Nassir,Abdullswama d Sheriff,Foleni,Francis Thoya,21,Orange Democratic Movement,ODM,ODM,21
1,Mombasa,Omari,Said Abdalla,Walugembe,Fatma Abdul,80,Usawa Kwa Wote Party,USAWA,USAWA,80
2,Kwale,Achani,Fatuma Mohamed,Kombo,Chirema Josephat,15,United Democratic Alliance,UDA,UDA,15
2,Kwale,Boga,Hamadi Iddi,Mwatsahu,Nurrein HassanNdao,21,Orange Democratic Movement,ODM,ODM,21
2,Kwale,Dena,James Daniel Gereza,Mohamed,Samira Sayyid Ahmed,33,Kenya African National Union,KANU,KANU,33
2,Kwale,Mangale,Lunganzi Chai,Mwarora,Athman Salim,91,Pamoja African Alliance,PAA,PAA,91
2,Kwale,Mwakwere,Chirau Ali,Paul,Newton Kioko,12,Wiper Democratic Movement- Kenya,WDM,WDM,12
2,Kwale,Ruwa,Sammy Nyamawi,Ali,Zainab Hassan,Ind,Independent,IND,IND_GOV2_01,IND_GOV2_01
3,Kilifi,Esposito,Franco KasosoBaya,Kahindi,Samuel Karisa,Ind,Independent,IND,IND_GOV3_01,IND_GOV3_01
3,Kilifi,Jefwa,Michael Tinga,Mweni,Livingston Masha,23,Forum For Restoration Of Democracy-Kenya,FORD-KENYA,FORD-KENYA,23
3,Kilifi,Katana,Aisha Jumwa Karisa,Nzai,Emmanuel Kombe,15,United Democratic Alliance,UDA,UDA,15
3,Kilifi,Kithi,George,Mohamed,Athman Seif,91,Pamoja African Alliance,PAA,PAA,91
3,Kilifi,Kombe,David F Noti,Kitumbui,Caroline,90,Umoja Summit Party,USP,USP,90
3,Kilifi,Mbaru,Alphonce Dzombo,Baya,Rita Mali,34,Safina,SAFINA,SAFINA,34
3,Kilifi,Mungaro,Maitha Gideon,Chibule,Flora Margaret Mbetsa,21,Orange Democratic Movement,ODM,ODM,21
4,Tana River,Abdi,Nuh Nassir,Alii,Alii Abass,46,United Party Of Independent Alliance,UPIA,UPIA,46
4,Tana River,Dado,Tuneya Hussein,Sane,Ibrahim Ahmed,15,United Democratic Alliance,UDA,UDA,15
4,Tana River,Deye,Anania Karhayu,Mwaruka,Enos Jilo,32,Communist Party Of Kenya,CPK,CPK,32
4,Tana River,Dhidha,Adam Barissa,Buketa,Omar  Wachu,82,The Service Party,TSP,TSP,82
4,Tana River,Godhana,Dhadho Gaddae,Loka,Mahadhi  Ali,21,Orange Democratic Movement,ODM,ODM,21
4,Tana River,Kofa,Asman,Munyoki,Patrick,62,Amani National Congress,ANC,ANC,62
4,Tana River,Komora,Omar  Kofa,naya,Ayub Makiso,79,United Green Movement,UGM,UGM,79
4,Tana River,Morowa,Hassan Malibe,Randu,Rashid Nzai,91,Pamoja African Alliance,PAA,PAA,91
4,Tana River,Nkaduda,Michael Justin,Mwakio,Jeremiah Kimigho,40,The New Democrats,TND,TND,40
4,Tana River,Odha,Swaleh Jillo,Bashora,Doyo Fares,80,Usawa Kwa Wote Party,USAWA,USAWA,80
4,Tana River,Salim,Kea Batuyu,Omar,Komora Said,Ind,Independent,IND,IND_GOV4_01,IND_GOV4_01
4,Tana River,Wario,Ali,Mohamed,Rukia Abdi,27,Jubilee Party,JP,JP,27
4,Tana River,Yesse,Suleman Buko,Njiru,Gabriel Nyagah,23,Forum For Restoration Of Democracy-Kenya,FORD-KENYA,FORD-KENYA,23
5,Lamu,Mugo,Eric Kinyua,Mwakidudu,Dickson Foundo,1,National Rainbow Coalition-Kenya,NARC-KENYA,NARC-KENYA,1
5,Lamu,Omar,Umra,Kariuki,Julius Ndegwa,34,Safina,SAFINA,SAFINA,34
5,Lamu,Timamy,Issa Abdalla,Ndung'u,Raphael Munyua,62,Amani National Congress,ANC,ANC,62
5,Lamu,Twaha,Fahim Yasin,Salim,Haji Mahmoud,27,Jubilee Party,JP,JP,27
6,Taita Taveta,Mgendi,Faustin Mwanyolo,Kimuyu,Immah Nduku,82,The Service Party,TSP,TSP,82
6,Taita Taveta,Mruttu,John  Mtuta,Oben,Janet Wauda Mwawasi,15,United Democratic Alliance,UDA,UDA,15
6,Taita Taveta,Mwadime,Andrew,Kilalo,Christine Ruth Saru,Ind,Independent,IND,IND_GOV6_01,IND_GOV6_01
6,Taita Taveta,Mwaghania,Godino Mwasaru,Mdindi,Hellen Chanya,Ind,Independent,IND,IND_GOV6_02,IND_GOV6_02
6,Taita Taveta,Mwaita,Francis Wandogho,Waema,Mirriam Mbithe,34,Safina,SAFINA,SAFINA,34
6,Taita Taveta,Mwakesi,Stephen William,Kibai,Sophy Wali,38,Peoples Empowerment Party,PEP,PEP,38
6,Taita Taveta,Mwakulegw A,Danson Mwazo,Mwikamba,Joseph Mwandau,12,Wiper Democratic Movement- Kenya,WDM,WDM,12
6,Taita Taveta,Mwakwida,Thomas Dixon,Mwanyuma,Gloria Hope Mugambi,21,Orange Democratic Movement,ODM,ODM,21
6,Taita Taveta,Mwandembo,George Mwazighe,Mkanjala,Rosalia,85,Democratic Action Party-Kenya,DAP-K,DAP-K,85
6,Taita Taveta,Mwang'omb e,Agnes Wakesho,Mwanyumb a,Patrick Mwambi,62,Amani National Congress,ANC,ANC,62
6,Taita Taveta,Mwinzi,Onesmus Nzioki,Mwandoe,Elijah Mwamidi,Ind,Independent,IND,IND_GOV6_03,IND_GOV6_03
6,Taita Taveta,Nyange,Patience Sanguli,Salimo,Habel Mwagha,29,National Rainbow Coalition,NARC,NARC,29
6,Taita Taveta,Samboja,Granton Graham,Mwadime,Pricilar,27,Jubilee Party,JP,JP,27
7,Garissa,Adan,Nathif Jama,Muhumed,Abdi Dagane,21,Orange Democratic Movement,ODM,ODM,21
7,Garissa,Barrow,Dekow Mohamed,Yere,Abdi Mohamed,15,United Democratic Alliance,UDA,UDA,15
7,Garissa,Haji Dahir,Abdilatif Mohamed,Ilmoge,Hassan Aden,85,Democratic Action Party-Kenya,DAP-K,DAP-K,85
7,Garissa,Hassan,Yussuf Ahmed,Kuno,Hassan Omar,1,National Rainbow Coalition-Kenya,NARC-KENYA,NARC-KENYA,1
7,Garissa,Korane,Ali Bunow,Shaiye,Aden Mohamed,27,Jubilee Party,JP,JP,27
8,Wajir,Abdullahi,Siyad Abdille,Baraka,Abdia Hassan,12,Wiper Democratic Movement- Kenya,WDM,WDM,12
8,Wajir,Adam,Hassan Mohamed,Abdi,Abdi Mohamed,27,Jubilee Party,JP,JP,27
8,Wajir,Ali,Abdullahi Ibrahim,Ali,Mahat Salat,41,United Democratic Movement,UDM,UDM,41
8,Wajir,Elmi,Mohamed Ibrahim,Abdikarim,Wardere Hassan,Ind,Independent,IND,IND_GOV8_01,IND_GOV8_01
8,Wajir,Jiir,Ahmed Abdullahi Mohamad,Abdi,Ahmed Muhumed,21,Orange Democratic Movement,ODM,ODM,21
8,Wajir,Mahamud,Mohamed Abdi,Diriye,Abdifatah Mohamed,Ind,Independent,IND,IND_GOV8_02,IND_GOV8_02
8,Wajir,Mohamed,Ugas Sheikh,Abdinoor,Abdirashid Yussuf,62,Amani National Congress,ANC,ANC,62
8,Wajir,Muktar,Ahmed Ali,Elmi,Mohamed Yussuf,15,United Democratic Alliance,UDA,UDA,15
8,Wajir,Warfa,Sirad Osman,Yussuf,Jimale Abdinoor,29,National Rainbow Coalition,NARC,NARC,29
9,Mandera,Aden,Noor Ali,Mohamed,Hussein Hassan Sheikh,15,United Democratic Alliance,UDA,UDA,15
9,Mandera,Hassan,Hassan Noor,Ali,Mohamed Hussein,21,Orange Democratic Movement,ODM,ODM,21
9,Mandera,Jari,Adan Abdulla Mohamed,Arap,Abbey Dahir,27,Jubilee Party,JP,JP,27
9,Mandera,Khalif,Mohamed Adan,Mohamud,Ali Maalim,41,United Democratic Movement,UDM,UDM,41
10,Marsabit,Ali,Mohamud Mohamed,Riwe,Solomon Gubo,41,United Democratic Movement,UDM,UDM,41
10,Marsabit,Ganya,Francis Chachu,Hirbo,Guyo Hirbo,33,Kenya African National Union,KANU,KANU,33
10,Marsabit,Harsama,Philip Kello,Lenarokushu,Stephen Loigusugus,15,United Democratic Alliance,UDA,UDA,15
10,Marsabit,Orre,Sunya,Chiwe,James Elijah,62,Amani National Congress,ANC,ANC,62
10,Marsabit,Wako,Wario Guyo,Alla,Osman Ibrahim,27,Jubilee Party,JP,JP,27
10,Marsabit,Wario,Pius Yattani,Male,Sole Male,46,United Party Of Independent Alliance,UPIA,UPIA,46
11,Isiolo,Adhi,Godana Doyo,Mohamed,Omar Hassan,Ind,Independent,IND,IND_GOV11_01,IND_GOV11_01
11,Isiolo,Dabasso,Hussein Tene,Ntongondtu,Nicholas Mugambi,15,United Democratic Alliance,UDA,UDA,15
11,Isiolo,Hassan,Abdi Ibrahim,Lowasa,James Long'or,27,Jubilee Party,JP,JP,27
11,Isiolo,Machuguma,Kimaita John,Giro,Boru Dima,34,Safina,SAFINA,SAFINA,34
11,Isiolo,Maorwe,Kenneth Turibu,Mohamed,Ibrahim Issack,14,Party Of National Unity,PNU,PNU,14
11,Isiolo,Waqo,Halakhe Dida,Maingi,Domiziano Laikuru,21,Orange Democratic Movement,ODM,ODM,21
12,Meru,Linturi,Franklin Mithika,Kiome,Lindah Gakii,15,United Democratic Alliance,UDA,UDA,15
12,Meru,Murungi,Kiraitu,Ntuchiu,Titus,8,Devolution Empowerment Party,DEP,DEP,8
12,Meru,Mwangaza,Kawira,M`Ethingia,Mutuma Isaac,Ind,Independent,IND,IND_GOV12_01,IND_GOV12_01
13,Tharaka - Nithi,Kagwima,Francis Nyamu,Mputhia,Jones Munene,12,Wiper Democratic Movement- Kenya,WDM,WDM,12
13,Tharaka - Nithi,Kibunjia,Mzalendo Nyaga,Micheni,Gideon Elias Ruriani,1,National Rainbow Coalition-Kenya,NARC-KENYA,NARC-KENYA,1
13,Tharaka - Nithi,Mbiuki,Ashford Kaugi,Muthengi,Nathan Murori,Ind,Independent,IND,IND_GOV13_01,IND_GOV13_01
13,Tharaka - Nithi,Mbiuki,Felix Gitari,Gaichura,Samuel Mugwiria Mwarania,87,Chama Cha Kazi,KAZI,KAZI,87
13,Tharaka - Nithi,Njoka,Erastus Nyaga,Rukunja,Geoffrey Mucee Chabari,27,Jubilee Party,JP,JP,27
13,Tharaka - Nithi,Njuki,Onesmus Muthomi,Derebia,Muisrael Nyagah,15,United Democratic Alliance,UDA,UDA,15
14,Embu,Kathuri,Emilio Mureithi,Njuki,Emily Thaara,27,Jubilee Party,JP,JP,27
14,Embu,Kivuti,Lenny Maxwell,Ireri,Joseph Nyaga,8,Devolution Empowerment Party,DEP,DEP,8
14,Embu,Kumantha,Dr Peter Njagi Njuki,Njeru,Enos Hudson Nthia,13,Democratic Party Of Kenya,DP,DP,13
14,Embu,Mbarire,Cecily Mutitu,Mugo,Justus Kinywa,15,United Democratic Alliance,UDA,UDA,15
15,Kitui,Malombe,Julius Makau,Wambua,Augustine Kanani,12,Wiper Democratic Movement- Kenya,WDM,WDM,12
15,Kitui,Mueke,Jonathan Mwangangi,Kilungya,Stephen Mwema,15,United Democratic Alliance,UDA,UDA,15
15,Kitui,Musila,David,Moki,Kennedy,27,Jubilee Party,JP,JP,27
15,Kitui,Ngilu,Charity Kaluki,Nzau,Gideon Wathe,29,National Rainbow Coalition,NARC,NARC,29
16,Machakos,Maliti,Francis Wambua,Wambua,Rose Ndinda,67,Maendeleo Chap Chap Party,MCCP,MCCP,67
16,Machakos,Mulwa,Rose Mbithe,Mwikya,Heather Wanzila,75,Empowerment And Liberation Party,ELP,ELP,75
16,Machakos,Muthama,Johnson Nduya,Muli,Ndunge,15,United Democratic Alliance,UDA,UDA,15
16,Machakos,Ndeti,Wavinya,Kilonzo,Francis Mwangangi,12,Wiper Democratic Movement- Kenya,WDM,WDM,12
16,Machakos,Waita,Nzioka Siwadie,Mwangangi,Florence Muoti,36,Chama Cha Uzalendo,CCU,CCU,36
17,Makueni,Junior,Mutula Kilonzo,Mulili,Lucy Mumbua,12,Wiper Democratic Movement- Kenya,WDM,WDM,12
17,Makueni,Masika,David WambuaJoel,Mungumi,Jacqueline Koni,21,Orange Democratic Movement,ODM,ODM,21
17,Makueni,Musimba,Patrick Mweu,Ndiku,Muuo,Ind,Independent,IND,IND_GOV17_01,IND_GOV17_01
17,Makueni,Mutisya,Emmanuel Musau,Musyoka,Pauline Mbinya,15,United Democratic Alliance,UDA,UDA,15
17,Makueni,Mwanza,Anderson Kaloki,Seda,Yonah,Ind,Independent,IND,IND_GOV17_02,IND_GOV17_02
18,Nyandarua,Kiarie,Moses Ndirangu Badilisha,Mwangi,John  Mathara,15,United Democratic Alliance,UDA,UDA,15
18,Nyandarua,Kimemia,Francis Thuita,Gitura,Isaac Maina,27,Jubilee Party,JP,JP,27
18,Nyandarua,Kirika,Waithaka Mwangi,Gikonyo,John Wainaina,82,The Service Party,TSP,TSP,82
18,Nyandarua,Mwangi,Daniel Waithaka,Ngugi,Dominic Murani,13,Democratic Party Of Kenya,DP,DP,13
18,Nyandarua,Ndegwa,James Wahome,Gathimba,Peter  Mwangi,87,Chama Cha Kazi,KAZI,KAZI,87
19,Nyeri,Kahiga,Mwalimu Edward Mutahi,Mwangi,David Kinaniri Waroe,15,United Democratic Alliance,UDA,UDA,15
19,Nyeri,Kirinyaga,Eng Ephraim Mwangi Maina,Muthui,Elizabeth Magdaline Wamuyu,27,Jubilee Party,JP,JP,27
19,Nyeri,Mathenge,Thuo,Kihara,Mary  Gathoni,40,The New Democrats,TND,TND,40
19,Nyeri,Munyiri,Maina Peter,Wa Murichu,Isaac Kamamia,87,Chama Cha Kazi,KAZI,KAZI,87
20,Kirinyaga,Ck,Charles Kibiru,Njagi,Peter Ndambiri,27,Jubilee Party,JP,JP,27
20,Kirinyaga,Gitau,Peter Njuguna,Kabiru,Esther Njoki,34,Safina,SAFINA,SAFINA,34
20,Kirinyaga,Ireri,Peter Kariuki,Koigu,Nelly Laura Wakera,62,Amani National Congress,ANC,ANC,62
20,Kirinyaga,Kagai,Bedan Muriithi,Ndegwa,Marclus Njiru,1,National Rainbow Coalition-Kenya,NARC-KENYA,NARC-KENYA,1
20,Kirinyaga,Ndathi,Joseph Kathuri,Kinyua,Judy Wathata,82,The Service Party,TSP,TSP,82
20,Kirinyaga,Ndau,Silvanus Comba,Gacenge,Martin Muchira,30,Kenya African Democratic Union-Asili,KADU-ASILI,KADU-ASILI,30
20,Kirinyaga,Ngirici,Purity Wangui,Ngige,Eliud Wanjao,Ind,Independent,IND,IND_GOV20_01,IND_GOV20_01
20,Kirinyaga,Waiguru,Anne Mumbi,Wachira,David Githanda,15,United Democratic Alliance,UDA,UDA,15
21,Murang'a,Kamau,Jamleck Irungu,Kagone,Naomi Njeri,27,Jubilee Party,JP,JP,27
21,Murang'a,Kang'ata,Irungu,Munania,Stephen Mburu,15,United Democratic Alliance,UDA,UDA,15
21,Murang'a,Maai,Wairagu  Wa,Karanja,Evanson Muiyuro,13,Democratic Party Of Kenya,DP,DP,13
21,Murang'a,Maina,Kamau Henry P,Wachira,Wilfred Joseph Mwangi,Ind,Independent,IND,IND_GOV21_01,IND_GOV21_01
21,Murang'a,Mbai,Joseph,Macharia,John Maingi,80,Usawa Kwa Wote Party,USAWA,USAWA,80
21,Murang'a,Mwangi,Moses Ndungu,Njiiri,Peter Kariuki,34,Safina,SAFINA,SAFINA,34
21,Murang'a,Nyakera,Irungu,Mugo,Catherine Wairimu,47,Farmers Party,FP,FP,47
22,Kiambu,Gatabaki,Judy Mwende,Wanjohi,David Irungu,34,Safina,SAFINA,SAFINA,34
22,Kiambu,Gitau,William Kabogo,Ndirangu,Esther Wanjiru,88,Tujibebe Wakenya Party,JIBEBE,JIBEBE,88
22,Kiambu,Jungle,Patrick Kimani Wainaina,Gathecha,Annah Nyokabi,Ind,Independent,IND,IND_GOV22_01,IND_GOV22_01
22,Kiambu,Kimani,Wamatangi Paul,Kirika,Rosemary Njeri,15,United Democratic Alliance,UDA,UDA,15
22,Kiambu,Kuria,Moses Kiarie,Mwaura,Faith Nyambura,87,Chama Cha Kazi,KAZI,KAZI,87
22,Kiambu,Ndung'u,Agnes Wachuka,Kairu,Beatrice Wangui,Ind,Independent,IND,IND_GOV22_02,IND_GOV22_02
22,Kiambu,Nyoro,James Karanja,Waweru,June Njambi,27,Jubilee Party,JP,JP,27
23,Turkana,Emojong,Joseph Atoll,Kakuta,Benjamin,92,Mabadiliko Party Of Kenya,MAPK,MAPK,92
23,Turkana,Kiyonga,John Munyes,Lokaale,Ekitela Erastus,27,Jubilee Party,JP,JP,27
23,Turkana,Nakara,John Lodepe,Lore,Ekusi Micah,15,United Democratic Alliance,UDA,UDA,15
23,Turkana,Napotikan,Jeremiah Ekamais Lomorukai,John,Erus Lopeyok,21,Orange Democratic Movement,ODM,ODM,21
24,West Pokot,Atudonyang,Nicholas Owon  Kpar,Anupa,Musa Lotugh,33,Kenya African National Union,KANU,KANU,33
24,West Pokot,Kitalei,Simon Kachapin,Komolle,Achaule Robert,15,United Democratic Alliance,UDA,UDA,15
24,West Pokot,Lonyang'apu O,John Krop,Chepelion,Luka Kapoghiotwo,89,Kenya Union Party,KUP,KUP,89
25,Samburu,Leiyagu,Richard Nchapi,Marmalei,Fred Loronyokwe,34,Safina,SAFINA,SAFINA,34
25,Samburu,Lekupe,Daniel K,Lenasalia,Naamo,Ind,Independent,IND,IND_GOV25_01,IND_GOV25_01
25,Samburu,Lelelit,Jonathan  Lati,Lenengwezi,Samia Gabriel,15,United Democratic Alliance,UDA,UDA,15
25,Samburu,Lesiyampe,Richard Leresian,Leremore,Thomas Meigkwelly,27,Jubilee Party,JP,JP,27
26,Trans Nzoia,Eshiwani,Wycliffe Ashubwe,Mwambi,Jelief Were,Ind,Independent,IND,IND_GOV26_01,IND_GOV26_01
26,Trans Nzoia,Korir,Timothy Kiplagat,Barasa,Joymercy Amela,Ind,Independent,IND,IND_GOV26_02,IND_GOV26_02
26,Trans Nzoia,Muraya,Wilfred Kagiri,Sululu,Joseph Wafula,80,Usawa Kwa Wote Party,USAWA,USAWA,80
26,Trans Nzoia,Natembeya,George,Chebetibin,Bineah Philomenah,85,Democratic Action Party-Kenya,DAP-K,DAP-K,85
26,Trans Nzoia,Nduruchi,Jim Wakhungu,Naibei,Luka Ngaina,Ind,Independent,IND,IND_GOV26_03,IND_GOV26_03
26,Trans Nzoia,Wamalwa,Chrisantus Wakhungu,Cheruto,Joyce Keter,23,Forum For Restoration Of Democracy-Kenya,FORD-KENYA,FORD-KENYA,23
26,Trans Nzoia,Wanjala,Ben Wafula,Wanyama,Tyson Simiyu,Ind,Independent,IND,IND_GOV26_04,IND_GOV26_04
27,Uasin Gishu,Arap Kirwa,William Kipkemboi,Njoroge,Lucy Ng'endo,41,United Democratic Movement,UDM,UDM,41
27,Uasin Gishu,Bundotich,Zedekiah Buzeki Kiprop,Koech,Reuben Kipkosgei,Ind,Independent,IND,IND_GOV27_01,IND_GOV27_01
27,Uasin Gishu,Chelilim,Jonathan Kimeli Bii,Barorot,John Kibet,15,United Democratic Alliance,UDA,UDA,15
28,Elgeyo Marakwet,Changwony,Kiplagat Moses,Herman,Samwel Kandie,Ind,Independent,IND,IND_GOV28_01,IND_GOV28_01
28,Elgeyo Marakwet,Chelimo,Anthony Kipkogee,Rotich,Benjamin Cheruiyot,2,The National Vision Party,NVP,NVP,2
28,Elgeyo Marakwet,Rotich,Wisley Kipyegon,Cheserek,Grace  Jerotich,15,United Democratic Alliance,UDA,UDA,15
28,Elgeyo Marakwet,Seii,Tabitha Jeptoo,Lagat,John Kipkemboi,21,Orange Democratic Movement,ODM,ODM,21
29,Nandi,Boor,Joseph Kiptarus,Kibungei,Brian,Ind,Independent,IND,IND_GOV29_01,IND_GOV29_01
29,Nandi,Koech,Nicholas Tirop,Kemei,Paul  Kipkorir,Ind,Independent,IND,IND_GOV29_02,IND_GOV29_02
29,Nandi,Kombora,Peter Kipkemboi Sowon Maiyo,Bett,Wilfred Kiprugut,Ind,Independent,IND,IND_GOV29_03,IND_GOV29_03
29,Nandi,Lagat,Cleophas Kiprop,Lagat,Elijah Kiptarbei,Ind,Independent,IND,IND_GOV29_04,IND_GOV29_04
29,Nandi,Sang,Stephen Kipyego,Mitei,Yulita Chebotip,15,United Democratic Alliance,UDA,UDA,15
29,Nandi,Serem,Kibet Anderson,Koskey,Kibet Eliud,Ind,Independent,IND,IND_GOV29_05,IND_GOV29_05
30,Baringo,Benjamin,Cheboi Chesire,Kipngok,Charles Kimaiyo,15,United Democratic Alliance,UDA,UDA,15
30,Baringo,Kiptis,Stanley K,Koech,Cpa Richard Kigen,Ind,Independent,IND,IND_GOV30_01,IND_GOV30_01
30,Baringo,Lessonet,Moses K,Chebon,Kiprop Isaac,Ind,Independent,IND,IND_GOV30_02,IND_GOV30_02
31,Laikipia,Irungu,Joshua Wakahora,Ngatia,Reuben Kamuri,15,United Democratic Alliance,UDA,UDA,15
31,Laikipia,Joseph,John Wakaba,Mwenja,Francis Muthui,Ind,Independent,IND,IND_GOV31_01,IND_GOV31_01
31,Laikipia,Kabugi,Josphat Gitonga,Njihia,Magdaline Nyokabi,1,National Rainbow Coalition-Kenya,NARC-KENYA,NARC-KENYA,1
31,Laikipia,Kamau,Richard Mburu,Mwangi,Tabitha Muthoni,Ind,Independent,IND,IND_GOV31_02,IND_GOV31_02
31,Laikipia,Muriithi,Ndiritu,Waigwa,Michael Muriuki,27,Jubilee Party,JP,JP,27
32,Nakuru,Karanja,Elijah Chege,Kimani,Amos Njuguna,Ind,Independent,IND,IND_GOV32_01,IND_GOV32_01
32,Nakuru,Karanja,Stanley Chege,Oniang'o,Fredrick Amulaka,Ind,Independent,IND,IND_GOV32_02,IND_GOV32_02
32,Nakuru,Kihika,Susan,Kones,David Kipkemoi,15,United Democratic Alliance,UDA,UDA,15
32,Nakuru,Kinyajui,Lee Maiyani,Kiprop,Joyce Jelagat,27,Jubilee Party,JP,JP,27
32,Nakuru,Mungai,James Kiarie,Kuronoi,Sarah Rarite,Ind,Independent,IND,IND_GOV32_03,IND_GOV32_03
32,Nakuru,Munyua,Nicholas Karunjigi,Akenga,Benjamin Charles,Ind,Independent,IND,IND_GOV32_04,IND_GOV32_04
33,Narok,Ntutu,Patrick Keturet Ole,Kiprono,Koech Tamalinye,15,United Democratic Alliance,UDA,UDA,15
33,Narok,Richard,Moitalei Ole Kenta,William,Kenteiyia Oltetia,21,Orange Democratic Movement,ODM,ODM,21
34,Kajiado,Kago,Peter Ambrose Nganga,Njonjo,Ngugi Robert,Ind,Independent,IND,IND_GOV34_01,IND_GOV34_01
34,Kajiado,Katoo,Metito Judah,Pere,Judy Neiyeiyo,15,United Democratic Alliance,UDA,UDA,15
34,Kajiado,Lenku,Joseph Jama Ole,Moshisho,Martin Martine,21,Orange Democratic Movement,ODM,ODM,21
34,Kajiado,Nkedianye,David Kepue Ole,Manje,Joseph Wathigo,27,Jubilee Party,JP,JP,27
35,Kericho,Biegon,Isaac Kipkurui,Terer,Samwel Cheruiyot,Ind,Independent,IND,IND_GOV35_01,IND_GOV35_01
35,Kericho,Erick,Mutai Kipkoech,Kipngetich,Kirui Fredrick,15,United Democratic Alliance,UDA,UDA,15
35,Kericho,Kirui,Joseph Kipngetich,Mutai,Valentine Chepkemoi,41,United Democratic Movement,UDM,UDM,41
35,Kericho,Rotich,Samuel KimutaiArap,Kirui,Elijah Kibett,Ind,Independent,IND,IND_GOV35_02,IND_GOV35_02
36,Bomet,Hillary,Barchok Kipngeno,Rotich,David Shadrack,15,United Democratic Alliance,UDA,UDA,15
36,Bomet,Mutai,Bernard Chepkwony,Langat,Elizabeth Chepkoech,62,Amani National Congress,ANC,ANC,62
36,Bomet,Rutto,Isaac Kiprono,Cheborge,Doris Chepkoech,54,Chama Cha Mashinani,CCM,CCM,54
36,Bomet,Toweet,Andrew Kibet,Serser,David Sonoiya,95,Green Thinking Action Party,GTAP,GTAP,95
37,Kakamega,Barasa,Fernandes Odinga,Savula,Ayub,21,Orange Democratic Movement,ODM,ODM,21
37,Kakamega,Jirongo,Shakhalaga Khwa,Konzolo,Josphert Milimu,64,United Democratic Party,UDP,UDP,64
37,Kakamega,Kanyanya,Suleiman Sumba,Kwalelo,Dorglas Moyan,33,Kenya African National Union,KANU,KANU,33
37,Kakamega,Malalah,Cleophas Wakhungu,Muganda,Beatrice Nelima,62,Amani National Congress,ANC,ANC,62
37,Kakamega,Omukoko,Samuel,Marani,John,28,Maendeleo Democratic Party,MDP,MDP,28
37,Kakamega,Opitso,Austine Otieno,Ayuku,Gideon Mudanyi,Ind,Independent,IND,IND_GOV37_01,IND_GOV37_01
37,Kakamega,Sakwa,Michael Osundwa,Zablon,Winrose,Ind,Independent,IND,IND_GOV37_02,IND_GOV37_02
38,Vihiga,Akaranga,Epainitous Moses,Mbuni,Paul Jiseve,25,Progressive Party Of Kenya,PPOK,PPOK,25
38,Vihiga,George,Khaniri,Samoyo,Wilson Jerald,64,United Democratic Party,UDP,UDP,64
38,Vihiga,Masadia,Alfred  Agoi,M'maitsi,Joyce Khasimwa,62,Amani National Congress,ANC,ANC,62
38,Vihiga,Ominde,Francis Angueyah,Ogonda,Wycliffe Chabaya,49,Federal Party Of Kenya,FPK,FPK,49
38,Vihiga,Ottichilo,Wilber Khasilwa,Gwadoya,Wilberforce Kitiezo,21,Orange Democratic Movement,ODM,ODM,21
39,Bungoma,Baraza,Zachariah Wakhungu,Se'kapchang ah,Kingsley Mutali,64,United Democratic Party,UDP,UDP,64
39,Bungoma,Lusaka,Kenneth Makelo,Mbatiany,Janepher Chemtai,23,Forum For Restoration Of Democracy-Kenya,FORD-KENYA,FORD-KENYA,23
39,Bungoma,Simotwq,Martin Ndiwa,Ronald,Wekesa Lupao,2,The National Vision Party,NVP,NVP,2
39,Bungoma,Wangamati,Wycliffe Wafula,Wekesa,Evans Murumba,85,Democratic Action Party-Kenya,DAP-K,DAP-K,85
40,Busia,Bunyasi,Sakwa  John,Murunga,Lawrence Okaale,62,Amani National Congress,ANC,ANC,62
40,Busia,Mogoria,Daniel Eliud Nyongesa,Adeya,Stephen Wenseslas,37,National Agenda Party Of Kenya,NAPK,NAPK,37
40,Busia,Nyongesa,Otuoma Paul,Odera,Arthur Papa,21,Orange Democratic Movement,ODM,ODM,21
40,Busia,Okhoba,Moses Mulomi,Ipomai,Tom Denis Omonya,85,Democratic Action Party-Kenya,DAP-K,DAP-K,85
40,Busia,Oloo,Michael Otieno,Chemoo,John  Ngune,71,National Liberal Party,NLP,NLP,71
41,Siaya,Oduor,Millicent C Adhiambo,Ochanda,Barack Oketch,15,United Democratic Alliance,UDA,UDA,15
41,Siaya,Orengo,James Aggrey,Oduol,William Odhiambo,21,Orange Democratic Movement,ODM,ODM,21
41,Siaya,Wajonya,Eng Nicolas Gumbo,Aol,David Ohito,41,United Democratic Movement,UDM,UDM,41
41,Siaya,William,Ochieng Otieno,Otiato,Fredrick Ouma,Ind,Independent,IND,IND_GOV41_01,IND_GOV41_01
42,Kisumu,Meso,Beryl Awuor,Ochieng,Phabian,Ind,Independent,IND,IND_GOV42_01,IND_GOV42_01
42,Kisumu,Nyongo,Peter Anyang',Owili,Mathew Ochieng,21,Orange Democratic Movement,ODM,ODM,21
42,Kisumu,Osenya,Francis  Erick Otieno,Musuku,Joab   Nelton,15,United Democratic Alliance,UDA,UDA,15
42,Kisumu,Ranguma,Jackton Nyanungo,Ndalo,Tom Ochieng,72,Movement For Democracy And Growth,MDG,MDG,72
43,Homa Bay,Kidero,Evans Odhiambo,Kodoh,Elijah Odondi,Ind,Independent,IND,IND_GOV43_01,IND_GOV43_01
43,Homa Bay,Mark,Charles Rabudi,Omollo,Geofrey Ouma,15,United Democratic Alliance,UDA,UDA,15
43,Homa Bay,Wanga,Gladys Atieno Nyasuna,Magwanga,Joseph O,21,Orange Democratic Movement,ODM,ODM,21
44,Migori,Anyango,Dalmas Otieno,Mwikwabe,Thomas Maneno,27,Jubilee Party,JP,JP,27
44,Migori,Dache,Pesa John,Maroa,Muhingira,85,Democratic Action Party-Kenya,DAP-K,DAP-K,85
44,Migori,Maroa,Rebecca Ghati,Zata,John Barasa,15,United Democratic Alliance,UDA,UDA,15
44,Migori,Marwa,Jane Moronge,Dienya,Solomon Kasera,81,United Progressive Alliance,UPA,UPA,81
44,Migori,Mbogo,George Ochilo Ayacko,Mahiri,Joseph Gimunta,21,Orange Democratic Movement,ODM,ODM,21
44,Migori,Mwabe,Philip Ogwari,Magaiwa,John Menganyi,Ind,Independent,IND,IND_GOV44_01,IND_GOV44_01
44,Migori,Ngao,Joseph Owuor,Chacha,Julius Magige,Ind,Independent,IND,IND_GOV44_02,IND_GOV44_02
44,Migori,Oginga,Byron Ouko,Oroko,John Nyangwe,69,Liberal Democratic Party,LDP,LDP,69
44,Migori,Okoth,Boaz Owiti,Mabanga,Julius Chacha,Ind,Independent,IND,IND_GOV44_03,IND_GOV44_03
45,Kisii,Arati,Paul Simba,Monda,Robert Onsare,21,Orange Democratic Movement,ODM,ODM,21
45,Kisii,Nyamweya,Manson Oyongo,Ongera,Alfred Ndemo,9,Kenya National Congress,KNC,KNC,9
45,Kisii,Obure,Christopher Mogere,Mbaka,William Onsongo,27,Jubilee Party,JP,JP,27
45,Kisii,Ombaki,Ezekiel Machogu,Ogamba,Julius Migos,15,United Democratic Alliance,UDA,UDA,15
45,Kisii,Onchiri,Josephat Ratemo,Ombati,Frankline Sagwe,80,Usawa Kwa Wote Party,USAWA,USAWA,80
45,Kisii,Ongeri,Samson Kegengo,Maaga,Josiah Onkundi Karori,85,Democratic Action Party-Kenya,DAP-K,DAP-K,85
45,Kisii,Onyancha,Josiah,Okeo,Juspher Momanyi,Ind,Independent,IND,IND_GOV45_01,IND_GOV45_01
46,Nyamira,Bosire,Timothy Moseti E,Rigoro,Charles Makory,21,Orange Democratic Movement,ODM,ODM,21
46,Nyamira,Bwo-Ndieki,John Nyariki,Nyariki,Zachary  K Ombatta,Ind,Independent,IND,IND_GOV46_01,IND_GOV46_01
46,Nyamira,Marwanga,Reuben Omwega,Onyari,Akama Jared,33,Kenya African National Union,KANU,KANU,33
46,Nyamira,Momanyi,Ben George Orori,Otuto,Tom  Mokua,12,Wiper Democratic Movement- Kenya,WDM,WDM,12
46,Nyamira,Nyakundi,Gideon Moseti,Omayio,Winnie Kemunto,25,Progressive Party Of Kenya,PPOK,PPOK,25
46,Nyamira,Nyaribo,Amos Kimwomi,Ondicho,James Gesami,81,United Progressive Alliance,UPA,UPA,81
46,Nyamira,Okioma,Samson Mwancha Nyang'au,Onyambu,Samwel Abuga,27,Jubilee Party,JP,JP,27
46,Nyamira,Ombasa,Joseph Kiangoi,Mokogi,Julius Obare,62,Amani National Congress,ANC,ANC,62
46,Nyamira,Ongeri,Henry Mokua,Buruchara,Josephine Nyanchama,68,Democratic Congress,DC,DC,68
46,Nyamira,Ongwenyi,Annald Nyasinga,Momanyi,Bitange Kevin,34,Safina,SAFINA,SAFINA,34
46,Nyamira,Osebe,Walter Enock Nyambati,Nyakiba,Erneo Mageto Moruri,15,United Democratic Alliance,UDA,UDA,15
46,Nyamira,Osiemo,Daniel Nyakundi,Nyaega,Dennis Ogembo,22,Peoples Party Of Kenya,PPK,PPK,22
47,Nairobi City,Grewal,Harman Singh,Kimwele,Michael Mutunga,34,Safina,SAFINA,SAFINA,34
47,Nairobi City,Kamau,Polycarp Igathe,Kaloki,Philip Kyalo Kituti,27,Jubilee Party,JP,JP,27
47,Nairobi City,Kariuki,Agnes Kagure,Oyieyo,Abel Onchari,Ind,Independent,IND,IND_GOV47_01,IND_GOV47_01
47,Nairobi City,Kiio,Cleophas Mutua,Abiero,William Otieno,23,Forum For Restoration Of Democracy-Kenya,FORD-KENYA,FORD-KENYA,23
47,Nairobi City,Kodhe,Denis Arua Ochieng',Owino,Steven Paul,69,Liberal Democratic Party,LDP,LDP,69
47,Nairobi City,Mwadime,Nancy Wambui,Mwangi,John Ngunjiri,80,Usawa Kwa Wote Party,USAWA,USAWA,80
47,Nairobi City,Nyamwamu,Kenneth Kinara,Okuna,Lilian Achieng,81,United Progressive Alliance,UPA,UPA,81
47,Nairobi City,Sakaja,Johnson Arthur,Muchiri,James Njoroge,15,United Democratic Alliance,UDA,UDA,15
47,Nairobi City,Thairu,Esther Waringa,Ngetich,Leonard Kipkorir,Ind,Independent,IND,IND_GOV47_02,IND_GOV47_02
